name,height,weight
Aldo,169.9,77.2
Tyshawn,165.9,65.8
Taylor,174.4,56.8
Lucian,179.6,103.1
Maya,167.2,68.5
Trenton,173.0,77.3
Brett,170.3,79.5
Ronald,177.5,61.1
Serena,177.9,80.2
Mohammad,178.7,77.5
Brielle,166.5,48.7
Presley,173.6,68.7
Mattie,179.5,93.9
Miracle,175.6,92.3
Jaxon,181.6,59.1
Jeffrey,173.1,58.8
Preston,157.1,64.0
Elisha,175.8,52.4
Enzo,172.4,77.9
Rigoberto,172.6,77.7
Jaliyah,179.3,55.3
Jermaine,173.7,84.3
Eve,175.9,100.3
Magdalena,172.0,101.6
Ignacio,161.6,40.0
Abigail,169.3,54.5
Malik,176.1,76.5
Adelaide,162.3,59.7
Ivy,166.9,92.6
Colby,171.2,83.5
Tucker,164.7,77.4
Ean,162.7,80.7
Bradley,161.4,61.2
Nathan,167.6,69.4
Vicente,165.4,84.4
Jaden,170.0,81.7
Leandro,165.5,54.8
Boston,174.5,136.4
Rhianna,180.9,110.0
Grayson,178.2,90.2
Aubrie,150.9,61.4
Hayden,163.2,63.2
Lyla,171.6,78.0
Beckham,165.7,73.3
Amiya,182.9,62.9
Evelyn,176.8,65.2
Deshawn,179.4,80.5
Bailee,176.3,80.5
Chandler,168.8,89.1
Lacey,159.8,68.3
Reagan,169.4,68.1
Saul,166.7,89.2
Carina,165.6,75.4
Waylon,177.6,76.8
Isis,178.2,75.5
Cade,178.3,77.7
Addisyn,178.5,87.7
Korbin,179.1,64.9
Adriel,168.1,58.8
Harmony,175.5,53.5
Mekhi,182.6,95.7
Gary,169.5,65.5
Luca,151.3,47.2
Tristan,183.2,111.0
Kathryn,171.9,67.7
Kameron,169.1,73.5
Colten,180.7,89.7
Ada,187.8,66.3
Katherine,185.8,107.6
Cornelius,180.1,90.5
Kasey,185.0,82.6
Drew,178.4,63.9
Daisy,163.9,48.3
Garrett,171.4,61.2
Gideon,174.9,61.6
Belen,179.2,63.5
Trystan,181.6,67.6
Elliot,161.8,78.0
Leah,163.5,53.9
Evangeline,173.1,69.1
Carsen,162.3,76.8
Franklin,179.2,120.3
London,166.0,73.1
Juliana,175.7,69.8
Casey,179.6,89.3
Mikayla,180.0,89.4
Ruby,169.1,88.7
June,159.7,60.2
Rowan,181.4,80.2
Sariah,174.0,54.2
Mateo,156.1,59.1
Ariel,174.1,96.2
Trace,160.7,48.7
Matteo,171.1,76.3
Jagger,166.9,90.0
Troy,163.9,68.6
Angelique,160.6,66.5
Soren,157.9,75.4
Brenda,175.1,99.0
Walter,171.1,75.3
Esperanza,164.1,65.1
Joanna,164.6,68.5
Lorelai,179.4,70.7
Kimberly,171.7,64.8
Lauren,153.2,65.3
Kaleb,160.2,76.4
Carl,165.1,58.3
Alexandria,180.0,68.2
Lena,171.0,68.9
Ahmed,161.7,76.2
Ximena,169.1,87.8
Adeline,179.4,108.4
Ryker,172.1,60.7
Julian,173.1,80.6
Alijah,179.0,91.0
Ariella,156.7,64.4
Alondra,172.7,99.1
Manuel,170.0,57.3
Kendal,184.0,92.1
Nelson,162.2,77.6
Lucas,174.7,63.8
Javier,170.7,58.8
Tobias,160.5,55.4
Amirah,168.6,76.2
Litzy,186.1,97.1
Aubrey,166.4,82.6
Quinten,171.2,54.8
Ellie,161.3,66.4
Tessa,166.2,86.4
Chaim,175.0,67.1
Amaris,173.3,74.8
Zane,171.9,76.5
Marcel,164.6,116.3
Moises,189.7,101.7
Luis,167.6,83.5
Natalee,159.3,91.4
Samir,183.7,75.1
Urijah,178.8,63.8
Payten,166.2,82.4
Chelsea,156.1,53.3
Aisha,167.5,82.9
Kaila,161.6,66.8
Erick,183.9,96.1
Dallas,182.7,61.5
Rhett,165.4,56.3
Marlee,176.8,98.9
Myah,173.8,53.6
Amiah,184.0,86.6
Leland,168.0,59.3
Azaria,175.5,103.6
Cael,181.5,81.4
Eliza,182.8,96.7
Francisco,190.4,112.2
Samara,177.2,84.5
Ronin,171.4,81.3
Thomas,156.6,72.9
Yareli,174.9,76.2
Alfred,176.7,75.6
Giuliana,165.2,108.9
Ricky,165.5,73.3
Edward,167.4,64.9
Adolfo,156.8,61.1
Brittany,174.9,59.3
Maliyah,171.3,83.1
Ace,175.8,108.3
Paola,169.5,105.8
Harry,163.7,60.1
Maddison,185.2,71.3
Leon,163.0,79.4
Tori,171.7,71.2
Maryjane,170.6,76.1
Vanessa,181.9,78.6
Yamilet,163.2,72.1
Jayda,169.9,57.2
Leonard,165.6,51.7
Terrell,175.6,76.2
Marquise,172.0,59.5
Aydin,170.0,79.5
Tyree,172.9,65.6
Felicity,171.0,54.1
Solomon,180.0,110.0
Toby,178.2,67.3
Keegan,168.1,96.9
Julius,156.4,50.2
Slade,169.7,51.5
Quentin,164.9,57.6
Anne,179.6,92.1
Vivian,178.2,68.1
Faith,171.1,67.2
Deborah,173.6,73.8
Jared,165.7,69.5
Kendall,174.6,96.0
Selina,190.8,62.2
Saige,165.7,63.3
Brenton,152.9,65.1
Ashlee,174.0,102.5
Maximilian,177.3,73.2
Odin,177.2,127.9
Collin,167.5,58.0
Lia,175.4,78.3
Lila,171.5,72.8
Wesley,168.5,72.9
Veronica,157.9,62.1
Josue,178.5,108.7
Harley,176.8,86.7
Roman,167.6,60.0
Desmond,169.4,82.3
Bryant,171.7,89.8
Ainsley,175.1,62.7
Marcos,163.6,70.5
Matilda,186.8,68.1
Zander,155.1,67.4
Aria,167.8,54.7
Luka,167.7,70.2
Humberto,163.0,45.5
Gunner,183.7,74.6
Damon,172.4,87.7
Jovanni,156.8,53.2
Ethen,165.1,80.8
Isai,174.2,81.7
Cristal,160.9,53.7
Madisyn,175.9,93.4
Xiomara,172.7,94.8
Santos,181.5,103.0
Marcus,179.6,71.4
Jaelyn,179.4,59.9
Eli,169.1,64.1
Jada,177.9,70.5
Natalia,183.0,54.8
Elias,168.4,57.8
Zain,172.1,84.4
Kaya,171.7,47.4
Madalyn,181.1,88.6
Van,188.3,93.8
Porter,177.2,108.6
Quincy,180.3,108.2
Jayden,172.7,63.1
Carter,162.8,52.8
Valentino,168.9,58.6
Denisse,172.1,67.5
Esteban,173.6,77.9
Jovany,158.5,73.5
Elaina,166.3,80.5
Maximus,177.6,65.9
Damari,171.5,75.5
Cory,165.3,79.0
Barbara,172.5,75.5
Kyra,161.2,58.7
Kaiden,170.4,87.7
Douglas,166.6,90.3
Anya,168.4,109.9
Kade,183.3,70.9
Emmy,168.3,94.0
Landen,165.6,65.5
Avery,169.1,98.1
Emanuel,180.3,107.1
Kirsten,176.3,67.7
Sergio,177.1,47.9
Isabelle,163.2,66.3
Darnell,171.4,67.0
Maeve,159.5,78.0
Braylon,164.5,31.1
Roselyn,166.3,69.1
Roland,163.0,70.6
Jaylin,178.8,52.9
Pierre,170.2,47.2
Lawrence,183.1,65.9
Larissa,163.3,85.2
Simon,171.8,78.7
Silas,180.7,83.1
Alena,170.0,92.3
Annika,182.4,87.9
Leyla,166.5,111.9
Dax,166.3,77.0
Kai,165.3,50.4
Nadia,172.5,76.3
Catherine,177.0,84.0
Reese,151.0,48.8
Carmen,163.3,55.2
Jakayla,172.9,62.8
Beau,174.0,72.4
Sylvia,168.5,55.2
Jewel,181.6,96.2
Shania,176.3,77.4
Jaylin,169.7,79.0
Tomas,164.1,95.0
Gage,167.0,81.4
Nathalie,178.8,66.4
Allyson,170.5,108.2
Talon,176.6,111.3
Lamont,171.5,124.5
Alvaro,175.2,63.5
Cloe,174.2,100.3
Abram,167.7,77.2
Kaeden,188.1,92.4
Camila,168.7,62.2
Laura,181.6,79.1
Martin,167.8,88.0
Jakob,166.2,104.4
Seth,174.0,75.2
Baylee,162.3,56.0
Seamus,168.4,86.2
Kierra,180.7,82.7
Hanna,167.6,89.8
Shyanne,170.4,69.8
Hezekiah,174.7,86.6
Skye,176.2,106.0
Rebecca,188.7,71.0
Giana,182.8,65.8
Julissa,184.2,84.3
Camron,170.0,55.2
Samuel,175.9,73.4
Hadassah,177.3,94.8
Anabelle,165.9,67.8
Haley,168.6,86.5
Anthony,173.0,90.8
Aniyah,166.5,56.0
Luke,184.0,80.4
Nikolai,167.9,86.7
Xavier,176.1,69.2
Lukas,171.9,51.6
Sean,176.3,73.2
Piper,164.4,58.3
Prince,178.1,76.2
Casey,176.4,84.2
Joselyn,168.1,78.0
Mylie,179.1,114.5
Greyson,178.5,70.2
Lillian,161.7,54.4
Andres,175.7,94.3
Janiya,174.9,59.3
Pamela,173.2,67.5
Aidyn,169.6,58.7
Alaina,153.6,74.2
Dennis,170.8,81.1
Connor,160.0,64.3
Ryder,179.9,59.0
Kinsley,181.1,84.8
Lexie,176.0,75.1
Nathanial,165.3,61.3
Areli,179.9,107.2
Ernesto,170.4,61.6
Helena,157.8,62.4
Bryan,176.2,94.2
Theodore,175.0,79.0
Malia,168.3,88.8
Iyana,179.6,89.3
Avah,172.2,89.9
Tyrone,162.1,69.0
Shaylee,156.4,42.2
Laurel,173.2,60.7
Mariana,191.4,110.9
Edgar,167.5,74.6
Zechariah,174.8,74.3
Rylee,165.4,103.2
Karissa,159.5,54.5
Jaslyn,170.6,58.2
Alina,168.7,76.7
Tyler,183.0,100.5
Rudy,163.6,100.6
Duncan,179.9,71.9
Angeline,170.5,67.3
Noelle,167.0,91.9
Izayah,169.8,62.8
Justice,172.8,72.1
Savanah,176.1,90.8
Armando,184.6,113.8
Gaven,187.7,109.2
Easton,170.9,60.0
Alfonso,173.6,85.6
Kaiya,168.6,62.2
Kaden,177.4,101.9
Declan,161.1,54.7
Abel,168.3,58.3
Aliyah,163.6,82.3
Amber,176.2,48.0
Zachary,138.9,53.1
Kenzie,176.0,90.4
Gustavo,158.1,56.9
Kayley,176.3,73.0
Davion,157.9,64.8
Cierra,178.2,85.3
Mckenzie,183.9,114.7
Leia,165.5,71.1
Jamya,165.2,53.1
Wyatt,168.6,62.3
Zoe,168.4,66.4
Kash,178.8,101.4
Ryland,173.9,69.4
Alison,166.9,71.1
Brock,175.0,64.7
Molly,181.1,65.8
Riley,174.4,67.8
Hayley,171.8,66.3
Raven,166.1,77.4
Ellen,154.2,51.8
Amina,168.7,94.6
Jayden,183.0,103.0
Bronson,180.1,63.8
German,178.6,87.9
Mitchell,187.8,75.7
Miah,180.5,110.0
Nigel,172.9,91.4
Cannon,174.5,75.9
Judah,161.6,49.7
Wendy,166.1,40.2
Michaela,180.6,71.2
Kadence,163.2,64.6
India,160.7,88.5
Calvin,185.7,97.3
Lincoln,172.1,58.5
Mireya,182.3,109.7
Gabriela,174.0,57.1
Ellis,174.5,51.0
Janet,161.7,65.5
Maximillian,176.1,54.4
Kymani,176.5,94.7
Damien,166.9,78.4
Josie,170.1,79.4
Skyler,177.1,84.3
Olive,162.3,60.1
Irene,168.3,65.9
Hadley,182.1,82.7
Braiden,172.1,86.7
Briana,172.1,96.7
Jay,161.2,51.7
Clarence,163.8,75.3
Yadira,159.0,53.1
Georgia,167.5,81.5
Cindy,171.3,92.0
Willie,175.2,76.9
Micah,167.1,77.4
Randall,168.6,78.3
Zackery,153.8,43.6
Kylan,176.4,74.5
Averie,171.5,67.2
Antony,173.6,102.7
Raphael,188.6,92.3
Gabriel,176.3,91.3
Darren,165.7,67.9
Darius,151.6,65.4
Carolina,169.7,72.7
Alejandra,177.0,99.3
Kamila,163.3,47.6
Albert,189.5,77.0
Marcelo,177.7,84.2
Tatiana,165.5,73.2
Landin,172.5,73.5
Phoebe,174.8,101.5
Hassan,168.7,72.8
Belinda,176.0,79.9
Joe,172.1,74.0
Beckett,181.7,81.3
Rishi,162.8,74.5
Colton,179.3,67.4
Johanna,173.1,79.8
Jaquan,160.9,111.0
Fletcher,166.9,71.5
Leo,172.9,65.5
Yasmin,179.2,75.2
Aubree,179.6,67.9
Roberto,170.9,108.4
Erica,160.9,63.4
Addyson,170.2,61.5
August,164.8,69.2
Azul,176.1,114.3
Rodolfo,181.7,69.7
Princess,166.7,68.7
Carlo,162.4,73.9
Dahlia,160.2,64.2
Jaylen,176.4,63.6
Cooper,187.2,59.7
Dominick,166.3,47.6
Bianca,187.2,79.3
Milo,190.8,72.3
Macy,173.6,62.6
Kristina,176.4,74.0
Sophie,170.5,68.6
Marina,177.1,85.2
Melvin,168.8,81.4
Fisher,172.7,65.5
Finley,178.9,77.7
Jerry,179.5,87.4
Shayna,156.6,60.5
Aileen,179.7,55.2
Izabella,170.6,77.6
Gordon,170.5,80.6
Amara,171.5,74.0
Yaritza,168.8,77.7
Victor,169.7,57.0
Destiny,168.4,61.8
Kelsey,180.7,111.4
Lilah,178.4,85.1
Alana,174.3,64.3
Demarion,168.1,71.4
Ally,174.1,88.7
Mallory,167.1,79.7
Cecelia,178.5,95.0
Adonis,168.6,60.3
Triston,179.8,60.0
Annalise,176.9,77.5
Trinity,151.8,69.0
Melanie,155.9,60.4
Kayla,176.7,63.2
Eva,161.8,55.0
Brooks,175.8,66.6
Kieran,188.2,100.3
Luna,171.8,75.8
Kadin,156.9,71.8
Cameron,197.4,115.0
Nick,178.1,90.4
Kathy,172.2,61.9
Jaydan,182.7,82.6
Giancarlo,181.0,103.7
Martha,165.5,70.1
Rodrigo,173.7,92.7
Devin,177.2,58.2
Brooklynn,164.3,48.0
Tia,183.6,93.0
Jayce,171.2,69.9
Jaron,170.7,82.8
Nola,170.4,118.8
Jamarcus,177.9,62.3
Marie,168.7,71.7
Sheldon,180.2,96.4
Lilianna,176.7,119.2
Zachery,161.1,65.7
Conor,165.6,96.0
Micah,170.5,73.6
Emmalee,173.8,82.8
Ryan,176.0,103.9
Deven,170.9,65.4
Chaz,166.0,74.0
Nathalia,169.0,87.7
Isla,173.5,56.2
Emilee,158.1,59.5
Corey,183.7,82.9
Mckenna,174.1,82.1
Ansley,170.7,78.8
Rose,155.1,74.6
Reese,168.5,72.4
Cailyn,166.4,63.4
Lorelei,167.2,64.6
Joshua,174.2,65.4
Malcolm,171.5,81.0
Ray,169.4,72.2
Charity,171.3,50.2
Makai,160.7,75.7
Caiden,178.8,135.3
Chanel,164.3,46.1
Alexis,170.5,54.9
Genesis,180.9,92.5
Madilynn,167.4,70.3
Noemi,158.3,55.5
Alice,178.0,98.8
Blaine,167.7,82.5
Emily,181.4,77.8
Justice,157.9,56.7
Jason,177.6,72.6
Ulises,181.9,105.1
Baron,167.9,87.4
Amelia,174.2,91.2
Destiney,160.5,66.9
Moshe,174.7,88.1
Stanley,182.4,85.7
Carley,168.0,82.4
Axel,173.1,98.3
Dustin,171.7,90.3
John,175.8,74.3
Kareem,172.0,80.7
Ireland,169.0,84.7
Joey,176.2,60.5
Deegan,176.5,82.3
Mercedes,168.9,74.3
Sanaa,172.9,109.6
Jazlyn,162.9,63.8
Moriah,174.5,69.9
Haylee,173.4,71.7
Johnny,184.9,62.6
Harrison,155.1,47.8
Damaris,167.0,81.4
Giovanny,172.4,51.5
Larry,165.2,64.3
Destinee,168.9,80.6
Clara,179.0,86.6
Jaylen,172.3,67.6
Camille,175.1,65.2
Alma,173.9,59.7
Karina,192.6,122.2
Warren,161.6,68.3
Damion,164.1,68.0
Judith,170.0,70.3
Karson,167.7,101.1
Gregory,173.1,93.3
Keyon,186.4,67.4
Salvatore,168.1,73.0
Regan,186.3,58.4
Brice,166.4,47.4
Breanna,167.6,56.8
Cherish,174.6,53.2
Braedon,170.7,72.6
Scarlet,184.1,68.9
Angelo,177.3,84.4
Valerie,169.7,43.4
Ezequiel,178.8,92.0
Aleena,177.5,85.9
Derick,175.4,117.0
Greta,173.6,93.3
Terrence,166.7,95.9
Jaeden,176.5,73.3
Lillianna,178.6,56.2
Nayeli,169.6,93.0
Donte,174.8,66.6
Jimena,173.5,92.6
Charlotte,186.8,71.6
Aidan,180.2,88.3
Tyrese,165.5,66.1
Derrick,182.9,75.0
James,164.4,69.3
Lailah,176.9,82.1
Mauricio,178.9,91.4
Evelin,167.5,60.6
Blaze,168.4,84.2
Kenya,167.8,56.3
Carlee,170.9,67.9
Geovanni,180.0,94.4
Kianna,169.5,72.0
Maurice,190.7,117.8
Bridger,175.4,76.1
Marianna,161.2,77.1
Mira,177.2,78.4
Darion,172.5,57.4
Saniya,172.5,97.5
Fatima,171.6,87.0
Lizbeth,165.3,92.6
Jakobe,171.0,61.4
Rolando,176.2,77.0
Emmanuel,159.0,72.4
Serenity,173.2,62.0
Patrick,181.0,91.8
Lainey,154.5,69.0
Lucia,160.7,67.0
Lana,169.6,80.2
Sydney,167.4,60.6
Ayla,158.2,60.0
Alejandro,183.1,97.8
Cole,163.6,64.1
Marques,184.8,83.8
Whitney,184.2,85.3
Kyleigh,172.5,105.1
Scarlett,180.7,91.6
Joslyn,176.2,63.2
Antoine,173.2,52.8
Meredith,152.2,42.1
Yazmin,178.3,82.4
Gerardo,170.8,57.4
Kolby,174.1,70.8
Owen,175.2,89.0
Chaya,180.7,60.8
Deacon,160.8,50.9
Rosa,173.3,68.1
Cassius,158.6,57.3
Max,151.3,61.3
Joyce,171.1,68.6
Elisabeth,173.5,67.1
Braxton,167.2,56.0
Jayvion,183.1,76.8
Bridget,174.2,51.9
Karen,169.9,105.9
Donald,183.6,100.1
Levi,179.5,72.5
Elvis,178.9,47.9
Jamal,163.7,48.3
Lilia,180.7,63.1
Sadie,175.0,88.1
Isabella,177.3,86.3
Kyla,186.2,98.9
Aaron,169.9,71.6
Nash,174.1,106.0
Diana,168.4,51.8
Alexander,162.5,70.4
Londyn,175.8,60.3
Lilyana,169.1,68.4
Nathen,171.5,64.0
Maritza,179.1,82.8
Jean,177.3,68.0
Abril,182.2,65.1
Dillan,173.8,55.6
Caleb,173.5,100.4
Richard,173.2,55.3
Ramiro,181.6,75.2
Amari,182.8,83.9
Aurora,183.9,105.3
Nancy,169.9,70.1
Bryanna,177.3,81.7
Dane,179.7,84.8
Kael,170.4,90.9
Jimmy,162.7,63.8
Reece,159.6,50.3
Trent,192.0,77.3
Tristian,172.5,93.7
Cassandra,176.9,81.0
Samson,172.7,70.4
Mariam,171.0,78.3
Dillon,180.6,110.7
Ronan,170.7,59.9
Joseph,181.7,85.1
Monique,180.1,65.2
Jefferson,183.0,82.7
Evie,165.0,85.7
Nathaly,163.7,62.4
Cayden,182.3,84.6
Vaughn,162.4,53.6
Griffin,166.0,71.4
Ben,171.2,61.4
Jaidyn,176.4,99.3
Iliana,180.8,73.2
Orion,171.5,78.7
Hugh,175.0,110.2
Kyler,166.2,67.3
Willow,158.2,66.7
Kiara,160.9,60.1
Noel,172.2,92.7
Jaylan,162.8,69.1
Jacey,175.9,87.6
Emilie,185.2,74.2
Myla,172.8,62.3
Daniela,169.7,79.6
Harley,171.8,88.3
Renee,184.9,80.6
Freddy,173.1,80.6
Linda,179.8,73.0
Jadon,163.3,87.4
Sawyer,176.6,109.6
Nickolas,162.4,82.8
Moses,167.5,43.7
Teresa,174.3,73.3
Kale,163.2,66.1
Megan,170.7,48.5
Talan,153.6,78.3
London,166.2,75.2
Tess,172.8,45.0
Cody,158.8,75.0
Lola,196.1,136.4
Perla,171.6,74.0
Mason,154.5,53.9
Cameron,185.2,80.0
Camilla,166.9,60.1
Kelvin,170.7,75.4
Cheyenne,184.2,81.8
Brayan,166.7,53.1
Abbey,162.7,57.1
Kennedy,186.2,94.8
Julia,182.0,105.1
Ana,161.9,50.0
Wilson,175.8,55.3
Jon,155.2,47.8
Glenn,184.8,105.4
Isabell,170.1,58.5
Pierce,179.9,91.4
Craig,168.3,73.5
Cristina,165.5,72.1
Alexis,151.1,77.9
Zaiden,167.1,82.6
Asher,182.4,86.4
Hugo,167.9,78.6
Kaley,156.6,60.3
Marley,179.2,72.0
Marely,187.4,58.4
Noah,161.1,54.8
Russell,177.1,65.2
Elian,176.1,80.8
Marlon,180.4,100.1
Aditya,164.6,55.4
Xander,182.9,98.0
Fabian,190.4,99.1
Kaylie,156.7,54.9
Jane,158.7,50.1
Wade,183.8,81.5
Milagros,184.7,85.8
Lesly,166.9,91.0
Cordell,175.2,75.4
Kate,172.8,71.3
Aaden,172.4,86.1
Gisselle,167.5,81.9
Myles,155.2,67.9
Tiffany,161.5,64.0
Juliet,174.9,73.5
Annie,176.8,103.4
Jovanny,164.9,66.2
Dalton,168.5,83.1
Antwan,152.6,56.0
Haven,172.3,65.7
Jaylynn,172.9,98.3
Kassandra,173.7,62.9
Adelyn,180.9,75.9
Maxim,167.3,76.4
Gillian,155.9,41.3
Averi,164.0,50.3
Michelle,162.4,62.6
Sebastian,177.6,65.7
Shamar,166.2,66.2
Zion,172.5,77.2
Zavier,168.4,58.4
Deon,168.9,88.1
Arnav,166.7,99.1
Allan,167.6,93.6
Edith,170.7,69.4
Celia,169.2,72.9
Valentina,186.9,75.9
Zaire,175.2,80.4
Johnathon,174.5,109.4
Aarav,181.7,111.7
Chase,163.7,71.2
Phoenix,162.8,88.2
Danika,165.4,59.6
Cadence,166.2,76.1
Immanuel,175.4,68.6
Naima,169.6,77.1
Landyn,168.7,100.3
Paula,169.0,94.4
Kaitlynn,187.4,83.6
Brody,175.7,83.0
Grant,181.0,87.7
Kolton,183.3,90.2
Terrance,166.2,60.5
Nyla,162.9,80.7
Janiyah,159.8,42.2
Isaac,177.5,79.1
Mayra,164.7,87.6
Orlando,167.0,73.1
Neveah,168.9,93.9
Jonas,186.0,89.6
Amaya,181.3,69.7
Adrien,165.2,88.3
Caden,168.5,71.6
Kiera,162.5,69.8
Jorden,181.8,75.5
Livia,174.6,66.3
Lennon,176.9,66.4
Haylie,177.5,70.1
Nicolas,174.0,76.0
Hailey,171.2,62.4
Keagan,159.4,61.9
Ayanna,172.4,51.9
Chris,185.7,57.1
Rex,169.3,73.4
Teagan,156.9,47.8
Heaven,169.7,57.6
Messiah,172.0,86.8
Stella,172.2,61.3
Philip,175.3,56.3
Halle,170.2,61.7
Eduardo,177.2,95.5
Danica,172.6,83.7
Violet,164.1,77.0
Demetrius,178.2,69.5
Elisa,159.2,72.8
Sage,163.9,102.9
Cora,179.3,76.0
Kevin,166.0,99.5
Charles,172.7,96.4
Mariyah,170.6,62.4
Naomi,179.6,75.1
Sabrina,175.3,85.9
Lewis,179.2,67.8
Shane,178.9,72.8
Natasha,169.0,91.2
Journey,168.6,79.4
Kristen,176.2,126.4
Cale,176.0,71.6
Alani,169.1,65.4
Leanna,163.7,68.9
Kellen,172.6,61.2
Carson,170.1,66.2
Bernard,175.9,60.0
Juliette,178.4,91.2
Adalyn,174.4,69.4
Raelynn,174.0,86.7
Kendall,169.3,74.8
Precious,155.8,66.2
Kole,178.4,92.0
Viviana,164.6,84.6
Danielle,181.1,77.6
Felipe,167.4,86.4
Andy,177.8,71.1
Reid,162.6,101.3
Alexandra,177.0,80.9
Elaine,182.8,68.2
Bruno,179.3,73.7
Laylah,162.1,86.2
Tommy,165.3,60.9
Brady,166.2,82.9
Eddie,167.0,92.8
Jesse,171.9,63.7
Janae,156.3,65.9
William,164.8,69.8
Ariana,175.6,64.8
Julianne,169.2,65.5
Trevin,176.8,81.9
Case,166.9,52.6
Haleigh,180.0,62.5
Libby,167.3,76.3
Jordan,168.0,92.8
Frederick,191.8,69.2
Nasir,177.4,70.9
Clarissa,160.5,70.2
Cecilia,180.9,77.4
Grady,177.4,134.7
Taylor,187.1,85.0
Lillie,174.6,89.3
Madilyn,165.4,73.5
Amiyah,161.6,65.2
Hailee,176.7,107.2
Gabriella,180.1,74.9
Jenny,178.3,69.8
Reuben,165.8,82.6
Phoenix,172.6,78.1
Reed,175.9,72.5
Hana,151.5,77.0
Dakota,180.8,81.1
Desirae,183.6,86.4
Sarai,173.2,82.7
Kamren,167.9,59.7
Brayden,174.6,71.9
Joaquin,174.3,65.4
Adison,167.5,70.4
Romeo,182.0,68.7
Kenneth,177.7,85.8
Jack,173.5,90.4
Jonathan,179.1,90.8
Louis,169.3,70.3
Jazmin,175.3,74.3
Araceli,157.3,65.6
Mathias,167.4,71.5
Francesca,175.0,57.5
Jonathon,179.0,56.7
Eliana,169.9,77.0
Diego,174.3,86.1
Jaylene,184.0,71.8
Corinne,174.6,84.1
Karla,170.1,48.8
Katelynn,167.0,55.2
Alannah,181.3,90.4
Shelby,183.7,61.2
Izaiah,181.7,96.4
Nylah,172.9,102.5
Draven,165.8,56.0
Darrell,170.0,87.4
Will,181.9,75.2
Tiara,173.8,75.3
Ronnie,178.9,79.6
Julio,174.2,72.7
Claudia,176.2,64.7
Brenden,178.1,109.1
Aniya,177.7,111.5
Hudson,162.3,78.7
Rhys,164.3,81.1
Jordin,172.2,68.5
Lucille,172.4,72.2
Zariah,166.7,64.1
Daphne,168.9,53.3
Harold,179.7,102.9
Devyn,165.6,60.4
Omari,163.9,61.3
Jamar,194.9,99.7
Isabela,175.3,93.5
Leila,171.5,57.3
Ruben,172.3,96.3
Amanda,177.0,78.5
Avery,164.7,56.8
Paige,179.7,96.8
Brycen,177.7,102.8
Rory,174.0,79.7
Israel,184.2,84.4
Ashanti,177.8,66.9
Emery,162.0,60.6
Atticus,174.2,90.4
Kayden,160.9,56.2
Leonidas,175.6,57.5
Isabel,168.8,55.4
Quinn,167.8,71.7
Devan,160.0,92.1
Maxwell,183.7,87.7
Alex,163.6,72.1
Miles,168.1,72.8
Janessa,165.1,60.1
Annabel,170.3,88.1
Ava,178.0,74.2
Penelope,161.5,85.6
Jazmyn,173.7,69.8
Sam,166.1,73.1
Regina,180.0,61.7
Chasity,181.5,70.9
Rayna,165.2,68.7
Keith,174.1,75.2
Karley,174.1,70.1
Jamison,173.6,113.3
Imani,162.6,83.4
Hope,177.9,80.6
Tristin,161.3,52.4
Gemma,176.6,70.4
Esther,172.9,54.4
Maverick,180.5,101.7
Chance,179.8,77.0
Juan,180.1,80.0
Kristian,178.7,100.5
Savannah,176.5,107.3
Phillip,181.9,92.3
Emma,185.1,89.0
Natalie,168.0,56.8
Darwin,163.7,72.2
Deangelo,170.3,69.1
Marley,166.5,62.6
Mohammed,165.0,62.2
Bentley,156.5,57.4
Zion,184.2,69.4
Susan,182.6,97.6
Karlie,170.2,73.1
Rosemary,156.2,61.3
Sienna,178.3,58.5
Branden,185.4,82.7
Irvin,186.2,63.8
Karter,179.5,84.1
Angel,186.3,52.3
Brynlee,169.5,54.5
Brogan,165.5,87.2
Raymond,170.9,59.9
Clayton,173.8,117.9
Addison,177.7,60.6
Dominic,186.3,96.7
Adan,165.5,55.9
Jamarion,166.9,99.5
Sophia,183.6,58.5
Ashleigh,178.5,120.9
Gavin,159.3,55.7
Andre,178.9,72.6
Emery,173.4,78.5
Madelynn,169.4,70.5
Alissa,174.4,66.7
Tamara,169.5,84.5
Kimora,178.4,82.0
Shawn,182.2,79.5
Adrian,184.1,96.4
Anahi,180.7,56.0
Samantha,168.0,87.9
Tripp,174.1,54.1
Carmelo,163.3,57.0
Kaylah,178.5,67.7
Jade,168.9,65.1
Laney,167.8,42.9
Abbigail,174.5,56.2
Alivia,177.3,85.7
Kamora,171.2,75.4
Roderick,173.9,66.9
Morgan,166.5,60.2
Kaleigh,179.2,70.4
Cassie,174.3,110.8
Davis,168.1,54.8
Dario,175.1,57.5
Jessie,171.4,72.2
Audrina,163.3,66.9
Jordan,174.7,74.3
Makhi,161.8,74.1
Brodie,174.3,58.2
Alisa,170.9,103.4
Stacy,167.6,59.5
Aracely,170.1,60.4
Billy,172.6,66.0
Elsa,164.0,90.3
Karsyn,164.0,61.4
Edwin,167.4,93.1
Cristopher,163.8,69.8
Bryson,173.7,62.0
Luz,169.7,85.7
Hailie,172.9,54.1
Hamza,185.2,140.8
Micheal,187.3,74.8
Curtis,179.4,75.6
Selah,168.0,91.2
Rene,172.2,67.3
Zackary,162.1,60.3
Bailey,176.8,89.9
Esmeralda,171.4,55.4
Elle,172.2,59.9
Abdullah,174.3,58.7
Ibrahim,170.9,48.0
Dayanara,176.8,68.0
Krista,163.9,67.3
Alisson,181.1,91.4
Cohen,174.4,68.5
Catalina,176.6,86.3
Shannon,179.5,77.5
Jalen,174.6,68.6
Coleman,168.5,89.9
Marvin,166.3,74.3
Steve,163.6,100.4
Tyrell,168.0,74.2
Titus,170.8,107.1
Jeremiah,168.5,64.8
Ethan,168.0,68.6
Asa,157.6,59.7
Bria,166.8,93.2
Ariel,178.4,60.3
Gaige,172.7,74.3
Alisha,180.3,74.4
Rylan,168.9,70.3
Hayden,163.1,74.6
Skyler,167.4,79.1
Ayaan,171.5,76.3
Kayleigh,166.8,79.5
Erin,169.9,60.3
Arthur,179.5,121.9
Kenley,174.0,65.1
Kamden,178.5,64.8
Kaylin,170.4,52.9
Keira,157.0,62.2
Tatum,176.1,57.5
Madyson,164.4,61.1
Anastasia,163.6,49.6
Erika,179.8,62.6
Eden,181.4,44.9
Winston,175.7,73.1
Dixie,166.6,73.7
Katelyn,175.4,90.7
Braylen,168.1,71.8
Lina,182.3,97.6
Kassidy,160.9,48.4
Todd,166.7,97.9
Kingston,169.6,76.0
Annabelle,164.3,64.1
Lawson,167.2,52.4
Khloe,177.6,124.4
Matthew,161.4,50.7
Daniel,178.3,88.0
Kallie,161.6,66.3
Adyson,192.2,102.0
Payton,182.7,89.5
Jairo,163.6,57.6
Aaliyah,176.1,97.7
Cash,157.6,90.9
Kristopher,180.2,91.1
Quintin,170.9,97.9
Maggie,185.4,111.8
Bennett,171.0,89.7
Octavio,151.0,57.3
Carlos,168.4,42.3
Eugene,167.3,49.4
Robert,174.3,68.1
Sidney,157.6,58.9
Jocelyn,172.5,75.7
Rylee,173.3,91.9
Lee,174.7,72.8
Randy,174.5,66.6
Ruth,177.4,77.7
Cristofer,167.0,95.1
Makayla,183.3,86.0
Kyson,180.1,88.2
Trevon,156.6,66.2
Heath,167.0,73.6
Brendan,173.4,50.5
Daniella,171.0,60.4
Raul,179.8,118.8
Melany,167.2,97.3
Alexzander,178.8,108.4
Hector,173.1,66.8
Kobe,170.4,110.8
Riya,171.2,95.5
Elizabeth,179.3,79.5
Yoselin,167.1,70.7
Raegan,175.5,115.2
Abagail,165.0,50.1
Aylin,175.7,126.5
Cali,168.0,79.0
Gina,188.3,69.7
Aryan,162.3,70.4
Brennen,176.3,82.8
Ciara,181.6,52.6
Raquel,175.5,77.2
Marquis,172.7,66.6
Amir,171.2,75.8
Jesus,168.8,58.7
Emilia,183.0,77.4
Makena,176.9,70.5
Camryn,161.7,73.7
Alan,160.9,63.1
Luciana,177.8,68.3
Maximo,157.7,69.1
Mckayla,160.1,79.4
Jude,152.8,62.3
Alicia,173.5,74.9
Ivan,169.4,65.1
Ty,169.0,65.8
Sasha,166.8,63.1
Macie,167.0,71.7
Rocco,175.3,68.0
Monserrat,166.8,94.2
Abbie,178.9,98.6
Patience,170.8,82.6
Delilah,167.3,56.5
Charlie,163.8,76.1
Ashley,183.0,73.8
Erik,179.4,101.5
Miya,167.4,81.7
Ari,174.6,81.7
Makenna,171.6,99.0
Terry,168.5,54.4
Monica,154.5,72.4
Jayvon,164.5,82.8
Talia,164.6,58.2
Graham,162.8,104.3
Jonah,191.8,90.4
Felix,193.6,92.3
Giovanni,173.5,86.4
Arturo,176.8,99.3
Kendrick,177.5,69.9
Finley,171.6,95.6
Yaretzi,170.9,84.8
Kenny,171.4,77.6
Vance,164.2,62.0
Katrina,171.6,67.7
Olivia,182.9,102.3
Chloe,184.7,75.6
Kaliyah,176.4,74.1
Deanna,184.5,69.1
Roger,177.7,74.3
Johan,171.3,57.0
Rodney,154.8,78.7
Payton,170.8,57.7
Brooklyn,179.9,102.7
Shyla,173.2,61.6
Brianna,157.3,54.0
Keon,172.0,84.0
Jaylee,186.1,67.3
Zack,172.9,81.2
Damarion,173.7,82.5
Josh,179.8,70.6
Kristin,186.7,93.0
Tabitha,177.6,85.5
Kenna,179.0,119.0
Logan,177.2,69.3
Arely,183.1,103.0
Colin,170.0,84.1
Amy,166.4,50.4
Darien,173.0,72.2
Janelle,165.6,42.4
Anabel,173.9,76.3
Peyton,167.2,73.2
Delaney,176.2,79.5
Mya,190.3,94.7
Bobby,175.8,76.8
Stephany,166.0,79.1
Elijah,156.2,95.8
Gauge,172.9,60.3
Helen,166.6,89.2
Arielle,167.1,78.0
Cristian,168.7,100.1
Jake,175.7,84.9
Jayla,181.6,77.0
Andrea,168.9,90.0
Peter,167.1,60.0
Muhammad,167.0,73.3
Uriel,174.3,87.1
Alyson,164.2,80.7
Patricia,175.2,63.5
Gracelyn,174.6,90.7
Jacquelyn,181.3,58.2
Evan,176.5,83.8
Nikhil,176.5,76.6
Jarrett,177.1,86.7
Rey,163.3,97.6
Anaya,166.8,66.5
Cyrus,164.5,82.0
Tanner,174.9,91.0
Jadyn,171.3,72.2
Ann,178.1,85.8
Travis,170.6,65.5
Roy,147.2,59.1
Jerimiah,176.4,76.3
Yael,169.6,105.1
Rohan,164.8,68.9
Jazlynn,165.1,60.3
Amya,182.4,113.4
Kathleen,180.4,60.6
Chace,167.0,98.4
Jordon,157.2,50.2
Dominique,164.4,83.8
Cullen,177.9,75.0
Ralph,178.4,81.6
Josiah,172.4,67.7
Dakota,176.6,81.2
Sarah,174.8,87.4
Amira,177.6,90.5
Mylee,169.1,73.7
Aleah,169.3,51.3
Theresa,174.8,73.0
Maddox,177.4,82.4
Lilliana,183.1,87.0
Madden,164.5,75.8
Eric,163.1,77.4
Alessandra,172.1,68.4
Jasper,164.0,81.6
Conrad,179.2,118.4
Krish,166.6,60.5
Coby,166.4,81.4
Kelsie,177.2,92.9
Josephine,160.9,72.6
Kasen,165.9,108.2
Virginia,191.0,85.8
Peyton,173.1,90.7
Leonardo,171.4,99.2
Cedric,171.5,97.3
Drake,164.0,85.5
Tianna,166.2,69.6
Frida,164.1,76.6
Alexa,177.2,81.3
Nehemiah,165.7,67.2
Kennedi,165.6,75.0
Mike,181.9,130.5
Timothy,180.1,64.8
Carlie,187.3,79.7
Bruce,191.9,82.8
Britney,170.5,60.7
Matthias,173.4,89.9
Siena,174.0,118.0
April,172.3,57.8
Cheyanne,175.4,58.3
Jose,175.6,83.2
Nia,178.1,74.2
Jaida,179.8,92.7
Bethany,184.7,65.4
Reginald,177.6,58.3
Jensen,176.8,96.3
Taryn,170.8,64.7
Eileen,173.5,66.2
Nyasia,166.6,56.8
Gloria,166.3,55.9
Keshawn,182.9,82.3
Joel,173.4,108.6
Savanna,175.6,61.1
Ezra,173.5,82.3
Caitlyn,181.4,51.8
Chad,175.5,77.3
Adalynn,170.8,78.3
Weston,166.2,63.1
Nikolas,176.4,78.3
Haiden,168.6,66.6
Tanya,158.2,58.9
Danny,183.4,78.6
Paul,177.8,76.7
Nataly,175.2,71.5
Mareli,181.8,92.4
Ismael,154.6,61.4
Paris,178.0,44.8
Lilly,172.1,77.2
Shayla,175.3,142.8
Abigayle,166.2,40.1
Yosef,162.2,72.1
Jaelynn,174.0,56.0
Victoria,180.3,68.5
Andreas,175.4,59.1
Rogelio,169.1,57.5
Bradyn,178.5,85.3
Jax,166.9,63.5
Desiree,162.6,84.2
Luciano,169.5,55.9
Callie,170.0,81.2
Malachi,174.7,78.6
Julianna,173.4,95.9
Sonny,158.6,59.7
Gerald,181.6,107.5
Jazmine,184.5,67.8
Taliyah,157.2,72.8
Jaden,178.6,109.1
Xzavier,170.8,57.5
Nora,157.9,91.5
Kamari,174.9,76.1
Kira,171.6,66.6
Jasmin,175.7,89.0
Ashton,173.2,88.4
Royce,174.2,83.2
Donovan,165.2,76.0
Kendra,169.2,55.7
Cruz,178.5,129.5
Valery,179.6,94.6
Ryan,170.1,80.2
Marc,183.2,82.8
Elena,182.9,71.6
Trevor,172.2,84.5
Jasmine,171.5,82.0
Jessie,154.6,66.8
Anderson,177.7,102.8
Reina,167.3,59.5
Frank,166.4,93.9
Devon,160.3,67.9
Jadiel,172.7,78.8
Jasiah,175.7,68.7
Laila,169.3,52.8
Jeffery,173.9,74.4
Leroy,175.8,49.8
Heather,185.4,51.3
Branson,164.8,70.8
Landon,164.2,73.0
Jaime,174.1,68.5
Emilio,168.8,52.5
Allen,177.7,79.6
Margaret,170.8,68.1
Callum,188.8,80.5
Yusuf,157.5,95.8
Camren,178.3,58.5
Kailyn,153.9,60.3
Aimee,179.3,68.4
Anabella,183.3,71.1
Davon,175.5,69.2
Matias,170.2,89.7
Harper,174.1,77.2
Shaun,182.0,116.2
Lane,171.9,55.6
Hazel,178.4,97.5
Aiyana,165.8,68.9
Mara,177.3,97.2
Kiersten,175.7,82.6
Layton,171.3,64.0
Zayden,165.9,74.6
Tyson,193.5,82.5
Rihanna,164.8,72.7
Alanna,181.4,82.9
Emelia,176.2,88.6
Rory,168.9,83.8
Giovani,161.4,65.8
Elsie,182.7,110.7
Lisa,166.0,73.7
Mohamed,168.4,88.2
Zaria,177.0,80.8
Izabelle,169.1,57.4
Charlee,161.5,88.9
Dorian,177.3,54.6
Karma,164.4,70.7
Dana,177.7,86.9
Aryana,170.6,69.3
Shea,181.8,120.3
Johnathan,184.2,88.0
Donavan,168.6,84.9
Kody,180.5,86.0
Allison,160.0,76.8
Meadow,178.4,63.1
Claire,165.6,62.5
Yadiel,163.9,110.7
Ashlyn,164.4,86.1
Skyla,178.3,65.9
Athena,164.8,64.7
Cara,175.4,77.1
Paulina,174.5,93.8
Wayne,175.2,61.9
Scott,176.7,95.9
Mariah,172.3,81.4
Milton,186.2,80.6
Campbell,171.7,52.6
Rayne,165.3,108.8
Kaelyn,188.1,83.4
Caylee,187.9,111.4
Lyric,170.2,88.3
Turner,164.4,47.0
Yahir,167.5,67.6
Carissa,167.9,60.3
Jaydin,165.3,83.0
Trey,164.4,46.2
Guadalupe,174.8,73.0
Austin,178.7,71.4
Kaia,183.3,77.6
Carleigh,176.9,78.2
Clinton,163.6,72.3
Bailey,170.0,72.9
Taniya,177.1,49.2
Tristen,175.8,75.2
Jeremy,174.4,76.7
Jovani,170.5,60.2
Lorena,156.1,80.6
Adam,187.6,105.6
Ian,171.2,73.2
Yurem,174.8,60.7
Jovan,178.2,67.2
Oliver,173.7,70.4
Alden,187.2,124.5
Brisa,170.5,64.9
Lexi,165.7,50.9
Giovanna,168.6,64.5
Raina,172.0,70.1
Osvaldo,169.1,71.0
Jillian,177.3,63.6
Jeramiah,172.9,76.7
Reagan,191.0,89.5
Clare,173.3,82.2
Javon,162.9,89.3
Jadyn,176.8,92.4
Akira,181.2,64.1
Lilian,165.9,86.0
Ryann,181.0,66.9
Malakai,165.0,42.1
Carolyn,170.4,77.3
Eleanor,169.4,71.5
Lamar,180.3,81.1
Colt,168.9,89.3
Karlee,181.5,87.2
Camden,163.0,69.3
Celeste,157.9,82.9
Rowan,172.5,67.1
Jameson,174.8,92.4
Marlene,170.9,84.3
Reyna,158.7,76.1
Dante,177.7,91.7
Kinley,184.9,82.1
Jamir,149.3,61.4
Steven,174.1,67.3
Mathew,164.7,73.4
Kamron,160.7,64.9
Marco,165.1,65.0
Emely,162.9,75.0
Natalya,195.0,72.7
Angel,158.7,57.2
Charlie,184.2,65.1
Yandel,160.8,69.8
Jazlene,186.2,68.3
Beatrice,185.3,82.0
Kian,169.1,77.3
Giselle,167.0,61.0
Nevaeh,173.1,75.6
America,163.6,89.3
Alec,170.9,59.2
Armani,172.9,70.6
Augustus,190.8,109.9
Leonel,166.4,66.7
Caitlin,173.2,71.9
Jaylyn,178.8,58.1
Yuliana,165.8,79.4
Skylar,165.5,79.0
Paloma,168.7,64.5
Sanai,158.2,62.8
Christopher,178.3,66.7
Dalia,168.2,77.5
Layla,170.8,80.2
Kane,170.7,107.5
Briley,173.5,77.9
Zaid,166.4,73.0
Itzel,172.5,64.9
Abraham,191.6,126.4
Jacoby,174.3,107.4
Quinton,168.9,71.3
Dean,173.2,91.3
Kaylynn,167.9,62.3
Kayden,160.1,97.1
Tony,168.8,100.4
Sonia,168.3,60.2
Rubi,166.4,70.2
Dayton,181.8,88.7
Hunter,166.9,106.4
Hannah,167.8,78.1
Keaton,178.3,63.6
Alexus,182.6,106.7
Audrey,172.6,93.0
Kailey,179.0,81.1
Elyse,181.1,68.7
Oscar,174.3,59.3
Gunnar,168.7,64.2
Selena,173.6,100.3
Elise,184.3,94.9
Stephen,175.1,81.2
Jaiden,167.0,64.5
Jennifer,166.9,66.7
Abby,189.1,135.3
Leilani,171.3,73.7
Lindsay,183.0,63.8
Memphis,180.8,90.2
Jamie,170.7,98.1
Fernanda,185.6,72.4
Annabella,172.8,77.6
Lauryn,161.4,69.9
Maribel,160.8,73.9
Lance,171.0,81.0
Isaiah,180.2,105.6
Gilbert,180.7,93.2
Jocelynn,162.1,67.3
Logan,161.9,55.7
Marisa,159.2,40.6
Ali,163.0,99.6
Dylan,171.8,56.0
Noe,164.9,58.0
Alyssa,158.1,63.9
Aiden,168.1,108.0
Sidney,163.5,117.1
Ayana,174.8,58.4
Sharon,168.7,75.4
Elianna,174.7,64.8
Heidi,169.6,71.5
Teagan,180.6,51.5
Emmett,163.6,63.4
Jaylah,177.5,97.9
Jace,181.3,94.3
Killian,175.8,65.1
Omar,177.1,86.6
Brendon,161.3,71.5
Christina,179.0,106.8
Kaitlyn,172.9,98.8
Gianni,163.0,59.9
Carly,176.6,95.0
Alayna,164.6,89.2
Zoey,175.4,77.7
Ross,178.8,55.5
Fiona,178.7,53.8
Lorenzo,176.0,64.9
Ezekiel,169.4,63.5
Enrique,139.5,57.3
Lea,171.9,52.3
Ryleigh,179.6,93.4
Dereon,178.9,69.1
Agustin,171.3,89.3
Dawson,177.1,47.1
Kiana,162.2,63.0
Chana,168.9,102.3
Jolie,183.0,71.6
Adrianna,181.2,50.4
Sherlyn,163.5,83.8
Mikaela,163.5,42.7
Kara,174.5,72.0
Shaniya,157.9,68.1
Aliya,181.1,101.2
Guillermo,178.8,64.2
Lyric,164.5,74.3
Pablo,179.0,83.9
Nicole,177.7,82.5
Misael,161.8,68.6
Amani,159.0,49.0
Kadyn,172.1,54.9
Marissa,177.7,84.0
Santino,169.3,61.3
Ingrid,157.3,49.1
Khalil,184.5,77.9
Leticia,162.7,58.3
Caroline,162.5,72.4
Hallie,166.8,42.3
Gia,192.0,88.6
Javion,165.3,76.1
Maci,178.3,79.0
Blake,172.4,60.8
Neil,166.9,48.5
Simone,150.4,58.8
Makenzie,160.1,46.4
Alexia,174.2,80.3
Ashlynn,170.0,76.3
Sofia,180.5,104.9
Kaitlin,191.4,91.5
Dulce,170.3,95.4
Charlize,173.6,64.3
Franco,173.4,131.1
Sage,166.9,62.7
Jaylon,169.0,77.1
Karli,161.7,68.9
Jacob,163.2,49.7
Raiden,168.1,78.4
Brandon,165.7,41.1
Salvador,162.2,81.0
Kelly,171.2,75.7
Bryce,173.1,68.1
Madeline,170.1,67.9
Brooke,163.8,69.3
Arabella,176.6,92.6
Everett,197.7,117.3
Tate,182.2,64.6
Conner,173.6,73.9
Allisson,169.7,57.9
Lydia,174.2,67.9
Junior,169.4,96.3
Gretchen,173.5,72.7
Lara,168.8,85.7
Miguel,169.8,81.8
Jordyn,170.4,100.5
Nathaniel,168.9,45.3
Aliza,169.6,107.6
Semaj,181.0,95.5
Kali,168.0,71.0
Denise,176.0,91.6
Marisol,170.2,72.7
Ramon,177.5,79.5
Aedan,185.0,62.3
Oswaldo,178.0,101.1
Kelton,174.0,71.0
Skylar,173.9,71.2
Aliana,168.5,61.6
Sara,173.8,101.1
Jett,178.2,90.2
Aydan,162.6,72.4
Priscilla,172.0,96.2
Essence,167.4,87.9
Isiah,155.8,65.4
Sullivan,172.7,93.9
Kenyon,180.6,72.5
Paisley,174.2,110.6
Lizeth,188.5,105.8
Darryl,171.5,66.0
Kiley,174.4,76.3
Yasmine,167.7,59.1
Marin,165.8,54.1
Parker,170.4,99.5
Mckinley,172.7,65.7
Rachel,176.7,71.2
Jamiya,185.5,63.9
Keenan,176.3,79.5
Corbin,172.9,72.2
Jessica,163.6,78.0
Genevieve,177.8,62.9
Amare,159.3,79.5
Madalynn,174.0,100.3
Ernest,170.8,69.3
Benjamin,179.4,60.4
Cason,174.5,95.6
Henry,190.3,88.0
Kamari,186.4,98.7
Shirley,157.6,56.4
Macey,184.0,88.4
Emerson,172.6,72.7
Kailee,159.9,49.4
Efrain,173.5,69.3
George,172.7,81.3
Davian,170.8,72.1
Bo,185.1,61.0
Elliana,184.3,85.8
Clay,158.5,46.8
Makaila,177.2,65.9
Angela,169.0,76.4
Melody,169.6,82.7
Aryanna,185.2,132.4
Adriana,176.6,60.9
Rafael,182.1,88.9
Karly,166.7,55.1
Riley,177.6,81.9
Aron,171.7,98.6
Iris,184.7,80.1
Jamari,185.9,79.2
Janiah,177.6,109.4
Damian,161.3,72.4
Marilyn,162.8,88.7
Jayleen,187.0,77.8
Francis,169.3,71.3
Ahmad,160.7,39.4
Liam,173.0,61.1
Adrienne,168.3,66.0
Finn,172.5,71.1
Zaniyah,173.4,73.5
Jaslene,179.3,77.3
Gilberto,161.2,44.6
Madison,157.2,50.5
Emiliano,182.9,74.9
Zara,168.6,53.6
Alonzo,180.7,91.9
Dayami,166.9,59.9
Julie,179.5,65.0
Norah,159.3,92.0
Tara,174.5,67.9
Kaydence,175.8,62.5
Danna,168.0,70.9
Estrella,186.1,67.7
Parker,189.9,122.2
Cassidy,163.8,52.3
Laci,172.5,95.4
Braden,172.1,59.5
Alyvia,171.5,75.4
Hillary,178.8,93.7
Zayne,183.5,109.7
Kyle,162.0,99.5
Sierra,171.6,75.0
Autumn,167.4,58.1
Diamond,176.1,86.0
Maleah,180.6,68.1
Rachael,178.8,101.3
Kason,165.4,65.5
Layne,183.6,64.5
Mario,169.7,66.4
Vincent,165.4,69.7
Sarahi,178.7,63.9
Issac,173.5,54.4
Leslie,169.4,86.8
River,179.4,72.0
Sammy,178.6,77.1
Jaqueline,165.8,60.9
Niko,185.0,92.1
Sterling,173.0,66.8
Maria,193.7,123.4
Asia,163.4,74.2
Eliezer,178.1,71.6
Abdiel,156.4,77.2
Houston,169.8,77.8
Jaxson,160.1,60.6
Tania,167.2,73.0
Justus,169.7,61.4
Konnor,178.3,71.3
Angie,185.4,60.0
Savion,175.6,71.1
Rebekah,162.7,60.3
Mina,171.4,87.7
Melissa,180.0,48.7
Gianna,164.6,91.1
Markus,171.6,92.4
Brynn,172.7,74.2
Kyan,170.5,69.3
Mark,164.6,69.7
Paxton,176.0,61.8
Ali,174.8,103.9
Anna,167.7,64.6
Brylee,182.2,65.0
Zachariah,169.4,93.2
Miriam,190.2,66.5
Howard,173.2,81.8
Meghan,165.8,68.4
Thalia,166.0,78.5
Zoie,174.8,76.3
Angelica,174.7,105.3
Andrew,171.5,67.7
Saniyah,178.6,59.6
Arjun,162.3,77.3
Dayana,171.1,75.0
Gavyn,173.5,63.9
Donna,165.1,76.2
Nina,174.4,66.9
Joy,172.0,69.8
Cesar,173.5,83.6
Denzel,164.6,72.5
Dylan,170.7,76.9
Micaela,170.1,75.3
Allie,169.1,77.9
Walker,176.7,52.7
Liberty,173.2,95.7
Nolan,172.4,74.5
Deandre,165.8,69.0
Paityn,157.2,68.7
Jacqueline,181.0,93.0
Amelie,168.0,73.1
Yesenia,175.3,70.9
Bella,168.4,57.7
Gael,191.7,74.5
Frances,178.2,79.2
Brennan,180.3,99.1
Aspen,170.5,81.1
Darian,176.7,59.6
Maren,183.4,82.7
Alfredo,185.6,83.7
Simeon,178.6,62.1
Sandra,172.1,77.0
Liliana,175.5,81.2
Jase,168.4,67.3
Shyann,175.2,56.5
Holden,186.4,47.6
Mary,162.5,68.0
Mia,179.3,93.8
Brenna,168.0,60.9
Mollie,163.0,63.1
Morgan,160.8,70.1
Giada,171.4,71.0
Addison,171.3,77.7
Ashtyn,177.4,69.7
Alia,181.8,123.8
Gabrielle,183.5,69.7
Jabari,161.1,48.3
Brian,167.3,64.7
Miley,157.9,73.5
Kylie,183.3,75.7
Dominique,174.5,80.5
Pranav,166.6,73.3
Madelyn,162.6,84.7
Nathanael,174.4,70.2
Jerome,184.1,94.3
Kolten,163.8,71.6
Brent,164.1,60.8
Barrett,171.1,56.4
Angelina,173.6,58.3
Yair,170.2,101.2
Kaylee,167.0,51.1
Jackson,172.8,97.0
Deja,168.5,86.5
Tiana,163.0,51.5
David,177.0,117.5
Jenna,170.7,61.9
Sloane,168.2,55.7
Santiago,177.4,82.5
Ishaan,165.2,63.6
Uriah,180.0,64.9
Madeleine,158.8,54.1
Spencer,188.0,84.1
Michael,161.3,62.1
Jamie,162.9,60.0
Ella,178.8,92.7
Reilly,160.9,81.5
Nico,173.5,87.0
Cortez,181.1,84.1
Dexter,167.0,63.2
Keyla,175.8,76.2
Krystal,192.2,71.7
Broderick,165.8,76.6
Alonso,173.9,64.3
Sincere,150.6,61.5
Finnegan,178.2,60.3
Alessandro,179.5,102.8
Jaycee,164.3,44.9
Jaiden,168.4,74.5
Taniyah,170.3,53.5
Demarcus,184.2,85.6
Dominik,176.9,76.2
Liana,168.9,83.2
King,180.7,95.2
Remington,166.8,62.0
Dale,181.2,77.2
Anika,179.4,82.0
Braelyn,167.9,54.4
Aden,177.8,100.0
Byron,167.6,71.0
Cynthia,177.5,74.6
Quinn,183.3,95.2
Clark,175.8,73.3
Frankie,172.5,92.2
Rayan,176.2,57.9
Gwendolyn,176.1,78.7
Justin,152.4,50.8
Ayden,158.8,59.3
Valentin,161.2,69.6
Mila,173.5,75.4
Derek,169.3,64.2
Malaki,168.7,85.0
Jayson,175.6,78.2
Thaddeus,161.6,121.7
Shiloh,167.6,57.6
Heidy,184.6,115.6
Sydnee,176.9,57.9
Rashad,160.5,52.1
Kamryn,168.5,63.4
Kaylyn,173.7,66.1
Kasey,168.5,62.0
Dashawn,172.1,97.3
Konner,171.6,67.8
Arianna,172.4,63.3
Gracie,179.5,82.2
Diya,166.8,68.7
Ricardo,165.3,84.5
Davin,166.8,67.3
Mariela,166.5,65.9
Melina,172.9,77.1
Harper,165.6,61.1
Jaydon,180.9,105.1
Christian,173.2,68.0
Crystal,177.3,78.7
Jaidyn,168.7,78.0
Miranda,169.4,56.9
Grace,177.0,79.1
Jordyn,164.7,81.9
Christine,175.5,65.2
Lindsey,162.9,66.1
Tamia,172.9,81.2
Stephanie,166.0,77.5
Summer,177.6,70.5
Keely,170.1,67.1
Braeden,162.0,53.8
Dwayne,170.1,110.4
Kylee,167.0,82.1
Braydon,172.0,77.7
Camryn,164.4,61.8
Katie,177.0,81.9
Justine,166.7,60.7
Mackenzie,181.3,74.1
Elliott,165.6,70.8
Lucy,173.7,79.7
Marshall,170.0,70.5
Carla,155.9,64.3
Amari,173.4,76.2
Pedro,172.6,96.0
Valeria,175.8,73.2
Rylie,177.0,74.1
Lily,177.9,86.0
Armani,163.0,94.2
Jorge,165.1,62.5
Anton,173.9,81.6
Koen,167.6,73.2
Reynaldo,148.4,42.3
Holly,175.0,67.8
Marlie,177.1,82.3
Courtney,175.5,85.7
Alvin,168.3,105.2
Julien,179.3,72.0
Ashly,173.3,78.9
Kaylen,162.3,71.3
Salma,169.1,74.2
Antonio,168.3,98.1
Dangelo,178.8,64.3
Jan,173.0,95.9
Maia,160.8,65.4
Eden,188.5,105.1
Isaias,172.9,58.9
Nicholas,162.5,60.5
Fernando,163.1,66.2
Dania,173.8,71.5
Jair,174.3,60.0
Emerson,172.9,83.3
Alberto,178.8,89.6
